,Timestamp,sex,occupation,polish_loyalty,other_loyalty,english_level,polish_level,holels_sits,caffee_sits,internet_representation,origin,_hasidic_loyalty,_years_lived,_sallary,_income_spent_on_tourism,_age,"_key_changes_Більше екскурсій та гідів, в тому числі іноземними мовами","_key_changes_Більше місць для проживання (готелі, хостели, садиби)",_key_changes_Більше рекламних кампаній про місто за кордоном та в Україні,"_key_changes_Краще туристичне зонування та навігація (вказівники, карти)",_key_changes_Організація нових культурних та розважальних подій,_key_changes_Покращення доріг і транспортного сполучення,"_key_changes_Піша доріжка, яка обєднуватиме туристичні об’єкти",_key_changes_Розвиток закладів харчування та місцевої кухні,_key_itemsВали городища,_key_itemsВежа на консервному заводі,_key_itemsЗаклади харчування,_key_itemsНе буду відповідати,_key_itemsТаких немає,_key_itemsХрами,_key_itemsЦентральна площа,"_tourism_developmentSPA- та wellness-комплекс (сауни, басейн)",_tourism_developmentВело- та пішохідні маршрути з прокатом,_tourism_developmentКав’ярні/фуд-корт із місцевою кухнею,_tourism_developmentКонтактний зоопарк / міні-ферма для дітей,"_tourism_developmentЛазертаг, боулінг, кінотеатр","_tourism_developmentЛітературно-мистецький простір (книгарня-кав’ярня, сцена)",_tourism_developmentМайданчик для регулярних ярмарків,_tourism_developmentМакДональдс чи інший fast-food,_tourism_developmentМузей з інтерактивними технологіями (VR/AR),"_tourism_developmentПарк пригод (мотузковий, zip-line)",_tourism_developmentРекреаційна зона відпочинку з водоймою,"_tourism_developmentСувенірні крамниці, майстерні ремесел",_tourism_developmentТоргово-розважальний центр,_tourism_developmentЦентр історії княжого Володимира
0,2025/09/06 11:41:37 AM GMT+3,Чоловіча,Студент,"Позитивно, туристи це завжди добре для міста","Позитивно, туристи це завжди добре для міста",початковий (A1),елементарний (A2),Ні,Частково,Так,bus stantion,"Позитивно, туристи це завжди добре для міста",15.0,15000.0,15.0,16.0,1,0,1,0,1,0,0,0,1,0,1,0,0,0,1,1,1,0,1,1,1,0,1,0,1,1,0,1,1
1,2025/09/06 11:43:48 AM GMT+3,Чоловіча,Учень,"Позитивно, туристи це завжди добре для міста","Позитивно, туристи це завжди добре для міста",початковий (A1),елементарний (A2),Частково,Так,Так,bus stantion,"Позитивно, туристи це завжди добре для міста",15.0,5000.0,15.0,16.0,1,1,1,0,1,1,1,0,1,0,0,0,0,0,0,1,1,0,1,1,1,0,1,1,1,1,0,1,1
2,2025/09/06 12:01:46 PM GMT+3,Жіноча,Студент,"Позитивно, туристи це завжди добре для міста","Позитивно, туристи це завжди добре для міста",початковий (A1),середній (B1),Ні,Так,Ні,bus stantion,"Негативно, вони залишають багато сміття і вони люди іншої культури, яка для нас чужа",3.5,15000.0,15.0,,1,0,1,1,1,0,1,0,1,0,0,0,0,0,0,1,1,0,0,1,1,1,0,0,0,1,0,1,1
3,2025/09/06 12:24:55 PM GMT+3,Жіноча,Студент,"Позитивно, туристи це завжди добре для міста","Позитивно, туристи це завжди добре для міста",початковий (A1),елементарний (A2),Частково,Частково,Так,bus stantion,"Негативно, вони залишають багато сміття і вони люди іншої культури, яка для нас чужа",3.5,,2.5,18.0,1,1,1,1,1,0,1,0,0,0,0,0,1,0,0,1,1,0,0,1,1,0,1,1,1,0,0,1,1
4,2025/09/06 12:42:55 PM GMT+3,Жіноча,,"Позитивно, туристи це завжди добре для міста","Позитивно, туристи це завжди добре для міста",,,Частково,Так,,bus stantion,"Позитивно, туристи це завжди добре для міста",1.0,,2.5,55.0,1,0,1,1,1,0,0,0,1,0,0,0,0,0,0,1,0,0,0,0,0,0,0,0,0,1,0,0,0
5,2025/09/06 12:51:35 PM GMT+3,,Учень,"Позитивно, туристи це завжди добре для міста","Позитивно, туристи це завжди добре для міста",середній (B1),середній (B1),Частково,Так,Ні,bus stantion,На мене це ніяк не впливає,7.5,,25.0,13.0,0,0,1,0,1,1,1,1,0,0,1,0,0,0,0,0,1,0,0,1,0,0,1,0,0,1,0,1,0
6,2025/09/06 1:03:43 PM GMT+3,Чоловіча,,"Позитивно, туристи це завжди добре для міста","Позитивно, туристи це завжди добре для міста",,середній (B1),Частково,Так,Ні,bus stantion,,,,2.5,46.0,1,0,0,0,1,0,1,0,0,0,0,0,0,0,0,1,1,1,1,1,0,0,0,1,1,1,0,0,1
7,2025/09/06 1:13:28 PM GMT+3,Чоловіча,Працівник,На мене це ніяк не впливає,На мене це ніяк не впливає,початковий (A1),початковий (A1),Ні,Так,Так,bus stantion,"Негативно, вони залишають багато сміття і вони люди іншої культури, яка для нас чужа",15.0,,25.0,6.0,1,1,1,1,1,1,1,1,1,0,0,0,1,0,0,1,0,0,0,1,1,0,1,0,0,1,0,1,1
8,2025/09/06 1:15:18 PM GMT+3,Чоловіча,Працівник,"Позитивно, туристи це завжди добре для міста","Позитивно, туристи це завжди добре для міста",початковий (A1),початковий (A1),Частково,Так,Ні,bus stantion,На мене це ніяк не впливає,7.5,30000.0,25.0,20.0,1,0,0,1,1,1,1,0,1,0,0,0,1,0,0,0,1,0,1,0,1,0,1,1,1,1,0,1,1
9,2025/09/06 1:26:36 PM GMT+3,Жіноча,Учень,"Позитивно, туристи це завжди добре для міста","Позитивно, туристи це завжди добре для міста",початковий (A1),елементарний (A2),Так,Так,Так,bus stantion,На мене це ніяк не впливає,15.0,,,14.0,0,0,0,1,0,1,1,0,1,0,0,0,0,1,0,0,1,1,1,0,0,1,1,1,1,1,0,0,1
10,2025/09/06 1:32:16 PM GMT+3,Жіноча,Учень,"Позитивно, туристи це завжди добре для міста","Позитивно, туристи це завжди добре для міста",,початковий (A1),,Так,Ні,bus stantion,На мене це ніяк не впливає,1.0,,,15.0,1,0,1,0,1,0,1,0,1,0,1,0,0,1,0,0,1,0,1,0,1,1,0,1,1,1,1,0,1
11,2025/09/06 1:45:00 PM GMT+3,Чоловіча,Військовослужбовець,"Позитивно, туристи це завжди добре для міста","Позитивно, туристи це завжди добре для міста",,,Ні,Так,Частково,bus stantion,"Позитивно, туристи це завжди добре для міста",,,5.0,37.0,0,0,0,0,0,0,1,0,1,0,0,0,0,1,1,0,0,0,0,0,0,0,0,0,0,0,1,0,0
12,2025/09/06 2:11:36 PM GMT+3,Жіноча,Учень,"Позитивно, туристи це завжди добре для міста","Позитивно, туристи це завжди добре для міста",елементарний (A2),початковий (A1),Так,Так,Ні,bus stantion,На мене це ніяк не впливає,15.0,,5.0,13.0,1,0,1,0,1,1,0,0,1,1,1,0,0,1,1,1,1,0,1,1,1,1,1,1,1,1,1,1,1
13,2025/09/06 2:18:17 PM GMT+3,Чоловіча,Учень,"Позитивно, туристи це завжди добре для міста","Позитивно, туристи це завжди добре для міста",початковий (A1),початковий (A1),Ні,Так,Частково,bus stantion,"Позитивно, туристи це завжди добре для міста",15.0,,5.0,15.0,0,0,0,1,1,1,1,0,0,0,0,0,0,0,1,0,1,0,0,0,0,1,1,0,1,1,0,1,0
14,2025/09/06 2:35:58 PM GMT+3,Жіноча,Тимчасово не працюю,"Позитивно, туристи це завжди добре для міста","Позитивно, туристи це завжди добре для міста",середній (B1),початковий (A1),Так,Так,Ні,bus stantion,На мене це ніяк не впливає,20.0,,25.0,29.0,1,0,0,0,1,0,1,0,0,0,0,0,0,1,0,0,1,0,1,0,1,1,0,1,1,1,0,0,1
15,2025/09/06 2:43:16 PM GMT+3,Жіноча,,"Позитивно, туристи це завжди добре для міста","Позитивно, туристи це завжди добре для міста",середній (B1),,Так,Так,Ні,bus stantion,На мене це ніяк не впливає,,,2.5,29.0,0,0,0,0,1,0,0,0,1,0,0,0,0,1,0,0,1,0,0,0,0,1,0,1,1,0,0,0,1
16,2025/09/06 2:57:08 PM GMT+3,Жіноча,Працівник,"Позитивно, туристи це завжди добре для міста","Позитивно, туристи це завжди добре для міста",середній (B1),середній (B1),Частково,Так,Ні,bus stantion,,,,15.0,42.0,1,1,1,1,1,0,1,0,1,1,1,0,0,1,1,0,1,0,0,0,1,1,1,1,1,1,1,0,1
17,2025/09/06 3:05:21 PM GMT+3,Жіноча,Учень,"Позитивно, туристи це завжди добре для міста","Позитивно, туристи це завжди добре для міста",середній (B1),початковий (A1),,Частково,Так,bus stantion,На мене це ніяк не впливає,,,2.5,15.0,1,0,1,1,1,1,1,0,0,0,0,0,0,0,1,0,1,0,1,1,1,1,0,1,0,1,0,0,1
18,2025/09/06 3:15:56 PM GMT+3,Жіноча,Працівник,"Позитивно, туристи це завжди добре для міста","Позитивно, туристи це завжди добре для міста",,,Ні,Так,Так,bus stantion,"Негативно, вони залишають багато сміття і вони люди іншої культури, яка для нас чужа",20.0,30000.0,2.5,36.0,0,0,0,0,0,0,1,0,0,0,0,0,0,1,0,0,1,0,0,0,1,0,0,1,1,0,0,0,1
19,2025/09/06 11:27:34 AM GMT+3,Жіноча,Приватний підприємець,"Позитивно, туристи це завжди добре для міста","Позитивно, туристи це завжди добре для міста",початковий (A1),початковий (A1),Так,Так,Частково,central_square,На мене це ніяк не впливає,20.0,15000.0,2.5,,0,0,1,1,0,0,0,0,1,0,0,0,0,1,0,0,0,0,0,0,0,0,0,0,0,0,0,0,0
20,2025/09/06 11:34:51 AM GMT+3,Чоловіча,Пенсіонер,"Позитивно, туристи це завжди добре для міста","Позитивно, туристи це завжди добре для міста",початковий (A1),середній (B1),,,Ні,central_square,"Негативно, вони залишають багато сміття і вони люди іншої культури, яка для нас чужа",20.0,5000.0,,,1,0,1,0,1,0,0,0,0,0,1,0,0,0,0,1,0,0,0,0,0,1,0,0,0,0,0,1,0
21,2025/09/06 11:41:16 AM GMT+3,Жіноча,Приватний підприємець,"Позитивно, туристи це завжди добре для міста","Позитивно, туристи це завжди добре для міста",середній (B1),середній (B1),Так,Так,Ні,central_square,,20.0,5000.0,2.5,,1,0,1,0,1,1,1,0,1,0,0,0,0,1,0,0,0,0,0,1,0,0,1,0,0,0,0,0,0
22,2025/09/06 11:46:12 AM GMT+3,Жіноча,Працівник,"Позитивно, туристи це завжди добре для міста","Позитивно, туристи це завжди добре для міста",початковий (A1),середній (B1),,,Ні,central_square,"Негативно, вони залишають багато сміття і вони люди іншої культури, яка для нас чужа",20.0,,15.0,,0,0,1,0,0,0,0,0,0,0,0,0,0,0,0,0,0,0,0,0,0,0,0,0,0,0,0,1,0
23,2025/09/06 11:51:24 AM GMT+3,Жіноча,Пенсіонер,На мене це ніяк не впливає,На мене це ніяк не впливає,початковий (A1),елементарний (A2),Ні,Ні,Частково,central_square,На мене це ніяк не впливає,,5000.0,5.0,,1,1,0,1,1,1,0,1,1,0,0,0,0,1,1,0,0,1,1,1,0,0,1,0,0,1,0,0,0
24,2025/09/06 11:55:26 AM GMT+3,Жіноча,Працівник,"Позитивно, туристи це завжди добре для міста","Позитивно, туристи це завжди добре для міста",середній (B1),початковий (A1),Так,Так,Так,central_square,На мене це ніяк не впливає,15.0,15000.0,2.5,,0,0,1,1,1,0,1,0,1,0,0,0,0,1,0,0,0,0,0,1,1,0,1,1,0,1,0,1,0
25,2025/09/06 12:01:04 PM GMT+3,Чоловіча,Пенсіонер,На мене це ніяк не впливає,"Позитивно, туристи це завжди добре для міста",початковий (A1),просунутий (C1),Так,Так,,central_square,"Негативно, вони залишають багато сміття і вони люди іншої культури, яка для нас чужа",20.0,5000.0,25.0,,0,0,0,0,0,0,0,0,0,0,0,0,0,0,0,0,0,0,0,0,0,0,1,1,1,1,0,0,0
26,2025/09/06 12:06:41 PM GMT+3,Жіноча,Приватний підприємець,"Позитивно, туристи це завжди добре для міста","Позитивно, туристи це завжди добре для міста",елементарний (A2),початковий (A1),Ні,Так,Частково,central_square,На мене це ніяк не впливає,3.5,,,,0,1,1,1,1,0,1,1,1,0,0,0,0,1,0,1,1,1,0,0,1,0,1,1,1,0,0,0,0
27,2025/09/06 12:15:35 PM GMT+3,Чоловіча,,На мене це ніяк не впливає,"Позитивно, туристи це завжди добре для міста",середній (B1),початковий (A1),Ні,Так,Так,central_square,"Негативно, вони залишають багато сміття і вони люди іншої культури, яка для нас чужа",3.5,,,,0,0,0,0,0,0,0,0,0,0,0,0,0,0,1,0,0,0,0,0,0,1,0,0,0,0,1,1,0
28,2025/09/06 12:22:25 PM GMT+3,Жіноча,Пенсіонер,"Позитивно, туристи це завжди добре для міста","Позитивно, туристи це завжди добре для міста",середній (B1),середній (B1),Ні,Так,Ні,central_square,"Негативно, вони залишають багато сміття і вони люди іншої культури, яка для нас чужа",20.0,5000.0,,,0,1,0,0,0,0,0,0,0,0,0,0,0,1,0,0,0,0,0,0,0,0,0,0,0,0,0,0,0
29,2025/09/06 12:28:48 PM GMT+3,Чоловіча,Працівник,"Позитивно, туристи це завжди добре для міста","Позитивно, туристи це завжди добре для міста",початковий (A1),початковий (A1),Ні,Так,Ні,central_square,На мене це ніяк не впливає,20.0,30000.0,2.5,,1,0,1,1,1,0,0,0,0,0,0,0,0,0,1,0,1,0,0,0,0,1,0,1,1,1,1,0,0
30,2025/09/06 12:33:36 PM GMT+3,Жіноча,Працівник,На мене це ніяк не впливає,На мене це ніяк не впливає,початковий (A1),початковий (A1),Так,Так,Частково,central_square,На мене це ніяк не впливає,3.5,,5.0,,1,0,0,0,1,1,0,0,0,0,0,0,0,1,1,1,1,1,1,1,1,1,1,1,1,1,1,1,1
31,2025/09/06 12:39:35 PM GMT+3,Жіноча,,"Позитивно, туристи це завжди добре для міста","Позитивно, туристи це завжди добре для міста",початковий (A1),початковий (A1),Так,,Так,central_square,"Негативно, вони залишають багато сміття і вони люди іншої культури, яка для нас чужа",1.0,,,,1,0,0,0,1,0,1,0,0,0,0,0,0,0,1,0,0,0,0,0,0,0,1,0,1,0,0,1,0
32,2025/09/06 12:47:37 PM GMT+3,Чоловіча,Працівник,На мене це ніяк не впливає,На мене це ніяк не впливає,середній (B1),середній (B1),Ні,Так,Частково,central_square,На мене це ніяк не впливає,7.5,15000.0,2.5,,1,1,1,1,0,0,1,0,1,0,0,0,0,0,1,0,0,0,1,0,1,0,1,1,1,0,1,1,1
33,2025/09/06 12:55:18 PM GMT+3,Жіноча,Працівник,"Позитивно, туристи це завжди добре для міста","Позитивно, туристи це завжди добре для міста",початковий (A1),початковий (A1),Ні,Так,Ні,central_square,"Негативно, вони залишають багато сміття і вони люди іншої культури, яка для нас чужа",,15000.0,2.5,,1,1,1,1,1,1,1,0,0,0,0,0,0,1,0,0,0,0,1,1,0,1,1,0,1,1,1,1,0
34,2025/09/06 1:01:49 PM GMT+3,Жіноча,Працівник,"Позитивно, туристи це завжди добре для міста","Позитивно, туристи це завжди добре для міста",початковий (A1),початковий (A1),Ні,Так,Ні,central_square,На мене це ніяк не впливає,20.0,5000.0,2.5,,0,0,1,1,1,0,0,0,1,0,0,0,0,1,0,0,0,0,0,0,0,0,0,1,1,0,0,0,1
35,2025/09/06 1:19:02 PM GMT+3,Жіноча,Пенсіонер,"Позитивно, туристи це завжди добре для міста","Позитивно, туристи це завжди добре для міста",елементарний (A2),середній (B1),Частково,Так,Частково,central_square,,,5000.0,2.5,,1,0,0,0,1,1,0,0,1,0,0,0,0,1,1,0,0,0,0,1,0,1,0,0,0,1,1,0,0
36,2025/09/06 1:27:16 PM GMT+3,Чоловіча,Пенсіонер,"Позитивно, туристи це завжди добре для міста","Позитивно, туристи це завжди добре для міста",початковий (A1),вище середнього (B2),Ні,Так,Так,central_square,"Негативно, вони залишають багато сміття і вони люди іншої культури, яка для нас чужа",20.0,5000.0,2.5,,0,0,0,0,0,0,0,0,0,0,0,0,0,1,0,0,0,0,0,0,0,0,0,0,0,0,0,0,0
37,2025/09/06 1:32:04 PM GMT+3,Жіноча,Працівник,"Позитивно, туристи це завжди добре для міста","Позитивно, туристи це завжди добре для міста",початковий (A1),початковий (A1),Так,Так,Ні,central_square,"Позитивно, туристи це завжди добре для міста",,,,,0,0,0,0,0,0,0,0,0,0,1,0,0,0,0,0,0,0,0,0,0,0,0,0,0,0,0,0,0
38,2025/09/06 1:41:03 PM GMT+3,Жіноча,,На мене це ніяк не впливає,На мене це ніяк не впливає,початковий (A1),початковий (A1),Частково,Так,Частково,central_square,,,,,,1,0,1,0,1,0,0,0,0,0,0,0,0,0,0,0,0,0,0,0,0,0,1,0,1,1,0,0,0
39,2025/09/06 1:43:28 PM GMT+3,Жіноча,,"Позитивно, туристи це завжди добре для міста","Позитивно, туристи це завжди добре для міста",елементарний (A2),елементарний (A2),Ні,Ні,Ні,central_square,На мене це ніяк не впливає,,,,,0,1,1,0,1,0,0,0,0,0,1,0,0,1,0,0,1,0,0,0,0,0,0,1,0,1,1,0,0
40,2025/09/06 1:48:43 PM GMT+3,Жіноча,Працівник,"Позитивно, туристи це завжди добре для міста","Позитивно, туристи це завжди добре для міста",елементарний (A2),середній (B1),Ні,Ні,Так,central_square,"Негативно, вони залишають багато сміття і вони люди іншої культури, яка для нас чужа",,15000.0,25.0,,0,1,0,1,0,1,0,0,1,0,0,0,0,0,1,0,0,0,0,0,0,0,1,0,0,0,1,1,1
41,2025/09/06 1:53:55 PM GMT+3,Жіноча,,"Позитивно, туристи це завжди добре для міста","Позитивно, туристи це завжди добре для міста",елементарний (A2),елементарний (A2),Ні,Так,Так,central_square,"Негативно, вони залишають багато сміття і вони люди іншої культури, яка для нас чужа",20.0,,,,0,1,0,0,0,1,1,0,1,0,0,0,0,1,1,1,0,0,1,0,1,1,1,0,0,0,0,1,0
42,2025/09/06 1:57:47 PM GMT+3,Жіноча,,"Позитивно, туристи це завжди добре для міста","Позитивно, туристи це завжди добре для міста",,,Ні,Ні,Ні,central_square,"Позитивно, туристи це завжди добре для міста",,,,,0,1,1,0,1,1,0,1,1,0,0,0,0,0,1,1,1,1,0,0,0,1,1,0,0,0,0,0,0
43,2025/09/06 1:59:39 PM GMT+3,Жіноча,,"Позитивно, туристи це завжди добре для міста","Позитивно, туристи це завжди добре для міста",середній (B1),середній (B1),Ні,Так,Частково,central_square,"Негативно, вони залишають багато сміття і вони люди іншої культури, яка для нас чужа",,,,,0,0,0,0,0,0,0,0,0,0,0,0,0,0,0,0,0,0,0,0,0,0,0,0,0,0,0,0,0
44,2025/09/06 2:03:17 PM GMT+3,Жіноча,Працівник,На мене це ніяк не впливає,На мене це ніяк не впливає,початковий (A1),початковий (A1),Ні,Так,Ні,central_square,На мене це ніяк не впливає,,15000.0,5.0,,0,0,0,0,0,1,1,0,0,0,1,0,0,1,0,0,1,0,1,0,0,0,0,0,0,0,0,1,0
45,2025/09/06 2:11:28 PM GMT+3,Чоловіча,Працівник,"Позитивно, туристи це завжди добре для міста","Позитивно, туристи це завжди добре для міста",початковий (A1),початковий (A1),Ні,Так,Так,central_square,На мене це ніяк не впливає,,30000.0,5.0,,0,0,0,0,1,1,1,0,0,0,0,0,0,1,0,1,1,0,1,0,0,1,1,0,0,0,0,0,0
46,2025/09/06 2:17:45 PM GMT+3,Жіноча,Працівник,"Позитивно, туристи це завжди добре для міста","Позитивно, туристи це завжди добре для міста",початковий (A1),середній (B1),Частково,Так,Частково,central_square,"Позитивно, туристи це завжди добре для міста",1.0,5000.0,2.5,,0,1,1,0,0,1,1,0,0,0,0,0,0,0,1,0,0,0,0,0,0,1,1,0,0,0,1,1,1
47,2025/09/06 2:22:14 PM GMT+3,Жіноча,,"Позитивно, туристи це завжди добре для міста","Позитивно, туристи це завжди добре для міста",початковий (A1),початковий (A1),Так,Так,Ні,central_square,"Позитивно, туристи це завжди добре для міста",,,,,0,0,1,0,1,1,0,0,1,0,0,0,0,1,1,0,0,0,1,0,0,0,1,1,1,0,1,0,0
48,2025/09/06 2:27:54 PM GMT+3,Жіноча,,"Позитивно, туристи це завжди добре для міста","Позитивно, туристи це завжди добре для міста",вище середнього (B2),вище середнього (B2),Ні,Так,Так,central_square,"Позитивно, туристи це завжди добре для міста",,,,,1,1,1,0,0,1,0,0,1,0,1,0,0,0,0,0,0,0,0,0,1,0,1,0,0,0,0,0,0
49,2025/09/08 3:42:13 PM GMT+3,Чоловіча,Працівник,На мене це ніяк не впливає,"Позитивно, туристи це завжди добре для міста",елементарний (A2),початковий (A1),Ні,Ні,Ні,linkedin,На мене це ніяк не впливає,1.0,,15.0,24.0,0,1,1,0,1,1,1,1,0,0,0,1,1,0,0,1,0,0,0,0,0,1,1,0,0,0,1,1,0
50,2025/09/09 12:25:32 PM GMT+3,Чоловіча,Працівник,На мене це ніяк не впливає,На мене це ніяк не впливає,середній (B1),початковий (A1),Ні,Частково,Ні,linkedin,На мене це ніяк не впливає,3.5,30000.0,2.5,35.0,0,1,1,1,1,0,1,0,1,0,0,0,0,1,1,0,0,0,0,0,1,0,0,1,1,0,0,0,1
51,2025/09/10 10:33:38 PM GMT+3,Чоловіча,Працівник,"Позитивно, туристи це завжди добре для міста","Позитивно, туристи це завжди добре для міста",вище середнього (B2),початковий (A1),Ні,Частково,Ні,linkedin,"Позитивно, туристи це завжди добре для міста",15.0,15000.0,2.5,19.0,1,1,1,1,1,1,1,1,1,0,0,0,0,0,0,1,0,1,1,1,0,1,1,1,0,1,1,1,0
52,2025/09/06 8:11:40 PM GMT+3,Жіноча,Працівник,"Позитивно, туристи це завжди добре для міста","Позитивно, туристи це завжди добре для міста",початковий (A1),початковий (A1),Ні,Частково,Ні,social media,На мене це ніяк не впливає,20.0,15000.0,2.5,53.0,1,1,1,0,0,0,0,0,1,0,0,0,0,1,0,0,0,0,0,0,0,0,0,1,0,0,0,1,1
53,2025/09/06 8:20:55 PM GMT+3,Жіноча,Працівник,На мене це ніяк не впливає,На мене це ніяк не впливає,початковий (A1),початковий (A1),Частково,Ні,Частково,social media,На мене це ніяк не впливає,20.0,15000.0,2.5,69.0,1,1,0,0,0,0,1,1,1,0,1,0,0,1,0,0,1,1,0,0,1,1,0,1,0,0,0,0,1
54,2025/09/06 8:25:31 PM GMT+3,Жіноча,Тимчасово не працюю,"Позитивно, туристи це завжди добре для міста","Позитивно, туристи це завжди добре для міста",середній (B1),початковий (A1),Так,Так,Ні,social media,На мене це ніяк не впливає,20.0,15000.0,15.0,29.0,1,0,0,0,1,0,0,1,0,0,0,1,0,0,0,1,0,1,1,0,1,0,0,1,1,1,1,0,1
55,2025/09/06 8:27:29 PM GMT+3,Чоловіча,Працівник,"Позитивно, туристи це завжди добре для міста","Позитивно, туристи це завжди добре для міста",вище середнього (B2),середній (B1),Ні,Так,Ні,social media,"Позитивно, туристи це завжди добре для міста",15.0,15000.0,2.5,20.0,0,0,1,0,1,0,0,0,1,0,0,0,0,1,0,0,0,1,0,1,0,0,1,0,1,0,0,0,0
56,2025/09/06 8:30:16 PM GMT+3,Чоловіча,Працівник,"Позитивно, туристи це завжди добре для міста","Позитивно, туристи це завжди добре для міста",вище середнього (B2),початковий (A1),Ні,Частково,Ні,social media,"Позитивно, туристи це завжди добре для міста",20.0,15000.0,25.0,24.0,1,0,1,0,1,0,0,1,0,0,0,0,1,0,0,1,0,1,0,0,0,0,0,0,1,1,1,1,0
57,2025/09/06 8:31:02 PM GMT+3,Жіноча,Працівник,"Позитивно, туристи це завжди добре для міста","Позитивно, туристи це завжди добре для міста",середній (B1),початковий (A1),Ні,Ні,Ні,social media,"Позитивно, туристи це завжди добре для міста",20.0,15000.0,5.0,36.0,1,1,1,1,1,1,1,1,1,0,0,0,0,1,0,0,0,0,0,0,1,0,1,1,1,1,1,0,1
58,2025/09/06 8:37:47 PM GMT+3,Жіноча,Пенсіонер,"Позитивно, туристи це завжди добре для міста","Позитивно, туристи це завжди добре для міста",початковий (A1),елементарний (A2),Ні,Так,Частково,social media,"Позитивно, туристи це завжди добре для міста",20.0,5000.0,15.0,42.0,1,0,1,1,1,1,1,0,1,0,0,0,0,1,0,0,1,0,0,0,1,1,1,0,1,1,0,1,1
59,2025/09/06 8:41:34 PM GMT+3,Жіноча,Приватний підприємець,На мене це ніяк не впливає,"Позитивно, туристи це завжди добре для міста",початковий (A1),початковий (A1),Ні,Так,Ні,social media,На мене це ніяк не впливає,20.0,15000.0,5.0,48.0,0,0,0,0,0,1,1,1,1,0,0,0,0,0,0,0,1,0,0,0,1,0,0,1,1,0,1,0,1
60,2025/09/06 8:42:25 PM GMT+3,Жіноча,Пенсіонер,На мене це ніяк не впливає,"Позитивно, туристи це завжди добре для міста",елементарний (A2),середній (B1),Ні,Частково,Ні,social media,"Негативно, вони залишають багато сміття і вони люди іншої культури, яка для нас чужа",20.0,5000.0,2.5,68.0,1,1,1,0,0,1,0,0,1,0,0,0,0,1,0,0,0,0,0,0,0,0,0,1,0,0,1,0,1
61,2025/09/06 8:51:42 PM GMT+3,Жіноча,Працівник,"Позитивно, туристи це завжди добре для міста","Позитивно, туристи це завжди добре для міста",елементарний (A2),елементарний (A2),Так,Ні,Ні,social media,"Позитивно, туристи це завжди добре для міста",20.0,15000.0,2.5,54.0,1,0,1,1,1,0,1,1,1,0,0,0,0,1,0,0,0,1,0,0,0,0,0,1,0,1,1,0,1
62,2025/09/06 9:02:25 PM GMT+3,Жіноча,Пенсіонер,"Позитивно, туристи це завжди добре для міста","Позитивно, туристи це завжди добре для міста",початковий (A1),елементарний (A2),Частково,Частково,Частково,social media,На мене це ніяк не впливає,20.0,15000.0,15.0,63.0,1,0,1,1,1,0,1,1,1,0,1,0,0,1,0,0,0,1,0,0,1,1,0,1,1,1,0,0,1
63,2025/09/06 9:04:38 PM GMT+3,Жіноча,Працівник,"Позитивно, туристи це завжди добре для міста","Позитивно, туристи це завжди добре для міста",початковий (A1),початковий (A1),Ні,Ні,Ні,social media,"Позитивно, туристи це завжди добре для міста",20.0,5000.0,5.0,39.0,0,0,1,1,1,0,1,1,1,0,0,0,0,1,0,0,0,0,0,0,1,1,0,1,0,0,1,0,1
64,2025/09/06 9:13:17 PM GMT+3,Жіноча,Тимчасово не працюю,"Позитивно, туристи це завжди добре для міста","Позитивно, туристи це завжди добре для міста",початковий (A1),початковий (A1),Ні,Так,Ні,social media,"Позитивно, туристи це завжди добре для міста",20.0,5000.0,25.0,55.0,1,1,1,1,1,0,1,0,1,0,0,0,0,1,0,0,1,0,0,0,1,0,0,1,1,0,1,0,1
65,2025/09/06 9:33:48 PM GMT+3,Жіноча,Працівник,"Позитивно, туристи це завжди добре для міста","Позитивно, туристи це завжди добре для міста",початковий (A1),просунутий (C1),Ні,Ні,Частково,social media,"Позитивно, туристи це завжди добре для міста",20.0,15000.0,2.5,55.0,0,1,0,1,1,1,0,1,1,0,0,0,0,1,0,0,0,0,0,0,1,1,0,1,0,1,0,0,1
66,2025/09/06 9:34:36 PM GMT+3,Чоловіча,Військовослужбовець,"Позитивно, туристи це завжди добре для міста","Позитивно, туристи це завжди добре для міста",елементарний (A2),елементарний (A2),Ні,Так,Ні,social media,"Негативно, вони залишають багато сміття і вони люди іншої культури, яка для нас чужа",20.0,50000.0,5.0,49.0,1,0,1,0,1,0,0,1,1,0,0,0,0,1,0,0,0,1,0,0,0,0,0,1,0,1,0,1,1
67,2025/09/06 9:50:47 PM GMT+3,Жіноча,Працівник,"Позитивно, туристи це завжди добре для міста","Позитивно, туристи це завжди добре для міста",початковий (A1),початковий (A1),Ні,Частково,Ні,social media,"Позитивно, туристи це завжди добре для міста",20.0,15000.0,5.0,44.0,1,0,1,0,0,0,1,0,0,0,0,0,0,1,0,0,0,0,0,0,0,0,0,1,0,0,1,0,1
68,2025/09/06 9:57:54 PM GMT+3,Жіноча,Працівник,"Позитивно, туристи це завжди добре для міста","Позитивно, туристи це завжди добре для міста",елементарний (A2),початковий (A1),Частково,Так,Частково,social media,На мене це ніяк не впливає,20.0,30000.0,5.0,34.0,1,0,1,0,1,0,1,0,1,0,1,0,0,1,0,0,1,1,1,0,1,0,0,1,1,1,1,0,1
69,2025/09/06 10:12:30 PM GMT+3,Жіноча,Працівник,На мене це ніяк не впливає,На мене це ніяк не впливає,елементарний (A2),середній (B1),Ні,Ні,Ні,social media,На мене це ніяк не впливає,20.0,30000.0,2.5,41.0,0,1,1,0,1,1,1,1,0,0,0,0,1,0,0,1,0,1,0,1,0,1,1,0,0,1,0,1,0
70,2025/09/06 10:13:51 PM GMT+3,Чоловіча,Військовослужбовець,"Позитивно, туристи це завжди добре для міста","Позитивно, туристи це завжди добре для міста",початковий (A1),початковий (A1),Ні,Так,Ні,social media,"Позитивно, туристи це завжди добре для міста",20.0,5000.0,2.5,36.0,1,0,1,1,1,0,1,0,1,0,0,0,0,1,0,0,1,0,0,0,0,0,0,0,0,1,0,0,1
71,2025/09/06 10:54:17 PM GMT+3,Жіноча,Працівник,На мене це ніяк не впливає,"Позитивно, туристи це завжди добре для міста",вище середнього (B2),початковий (A1),Ні,Так,Частково,social media,На мене це ніяк не впливає,20.0,30000.0,5.0,68.0,1,1,1,1,0,1,0,1,1,0,1,0,0,1,0,0,0,0,0,0,0,0,0,1,0,0,1,0,1
72,2025/09/06 11:15:08 PM GMT+3,Чоловіча,Працівник,На мене це ніяк не впливає,"Позитивно, туристи це завжди добре для міста",початковий (A1),початковий (A1),Частково,Частково,Частково,social media,"Негативно, вони залишають багато сміття і вони люди іншої культури, яка для нас чужа",20.0,5000.0,2.5,52.0,0,0,0,0,0,1,0,0,0,1,0,0,0,0,0,0,0,0,0,0,0,0,0,0,0,0,0,1,0
73,2025/09/06 11:56:37 PM GMT+3,Жіноча,Працівник,На мене це ніяк не впливає,На мене це ніяк не впливає,початковий (A1),елементарний (A2),Ні,Так,Ні,social media,На мене це ніяк не впливає,20.0,15000.0,5.0,37.0,1,0,0,1,1,0,1,0,1,0,1,0,0,1,1,0,1,0,0,1,0,1,0,1,0,1,1,0,1
74,2025/09/07 12:46:19 AM GMT+3,Жіноча,Приватний підприємець,"Позитивно, туристи це завжди добре для міста","Позитивно, туристи це завжди добре для міста",середній (B1),початковий (A1),Ні,Так,Частково,social media,"Негативно, вони залишають багато сміття і вони люди іншої культури, яка для нас чужа",20.0,5000.0,2.5,36.0,0,1,1,0,1,0,0,0,1,1,0,0,0,1,0,1,0,1,0,0,0,1,0,1,0,0,1,0,0
75,2025/09/07 2:43:27 AM GMT+3,Жіноча,Працівник,"Позитивно, туристи це завжди добре для міста","Позитивно, туристи це завжди добре для міста",початковий (A1),початковий (A1),Ні,Так,Ні,social media,"Позитивно, туристи це завжди добре для міста",20.0,30000.0,15.0,38.0,1,1,1,1,1,0,1,1,1,0,0,0,0,1,0,0,1,0,0,0,0,0,0,1,0,1,0,0,1
76,2025/09/07 6:27:42 AM GMT+3,Жіноча,Працівник,"Позитивно, туристи це завжди добре для міста","Позитивно, туристи це завжди добре для міста",початковий (A1),елементарний (A2),Ні,Ні,Ні,social media,На мене це ніяк не впливає,20.0,5000.0,2.5,57.0,0,1,1,1,1,0,1,1,1,0,0,0,0,0,0,0,0,1,1,0,0,1,0,0,0,0,1,1,1
77,2025/09/07 6:36:11 AM GMT+3,Жіноча,Працівник,"Позитивно, туристи це завжди добре для міста","Позитивно, туристи це завжди добре для міста",середній (B1),просунутий (C1),Ні,Ні,Ні,social media,"Негативно, вони залишають багато сміття і вони люди іншої культури, яка для нас чужа",20.0,30000.0,15.0,54.0,1,1,1,0,0,1,1,0,1,0,0,0,0,1,1,0,1,1,0,0,0,0,0,1,0,1,0,0,0
78,2025/09/07 8:04:19 AM GMT+3,Чоловіча,Пенсіонер,"Позитивно, туристи це завжди добре для міста","Позитивно, туристи це завжди добре для міста",початковий (A1),середній (B1),Частково,Так,Ні,social media,На мене це ніяк не впливає,20.0,5000.0,2.5,,0,1,1,0,0,1,0,1,1,0,0,0,0,1,0,0,1,0,0,0,0,1,0,0,1,1,0,0,1
79,2025/09/07 8:30:19 AM GMT+3,Чоловіча,Працівник,"Позитивно, туристи це завжди добре для міста","Позитивно, туристи це завжди добре для міста",елементарний (A2),початковий (A1),Частково,Ні,Ні,social media,На мене це ніяк не впливає,20.0,15000.0,2.5,,1,0,1,1,0,0,1,0,0,0,0,0,0,1,0,1,1,0,0,0,1,1,0,0,0,1,0,0,1
80,2025/09/07 8:50:30 AM GMT+3,Жіноча,Працівник,"Позитивно, туристи це завжди добре для міста","Позитивно, туристи це завжди добре для міста",початковий (A1),елементарний (A2),Ні,Ні,Ні,social media,"Негативно, вони залишають багато сміття і вони люди іншої культури, яка для нас чужа",20.0,30000.0,15.0,46.0,0,1,1,1,1,0,1,1,1,0,0,0,0,1,0,1,0,0,0,0,0,1,1,1,1,0,1,0,1
81,2025/09/07 8:51:53 AM GMT+3,Жіноча,Тимчасово не працюю,"Позитивно, туристи це завжди добре для міста","Позитивно, туристи це завжди добре для міста",елементарний (A2),початковий (A1),Ні,Так,Ні,social media,На мене це ніяк не впливає,7.5,15000.0,15.0,31.0,1,1,1,0,0,0,0,0,1,0,0,0,0,1,0,1,0,0,0,0,0,1,0,0,0,1,0,0,0
82,2025/09/07 9:35:01 AM GMT+3,Чоловіча,Працівник,"Позитивно, туристи це завжди добре для міста","Позитивно, туристи це завжди добре для міста",вище середнього (B2),елементарний (A2),Ні,Ні,Ні,social media,"Позитивно, туристи це завжди добре для міста",20.0,30000.0,2.5,27.0,1,1,1,1,1,1,1,1,1,0,1,0,0,1,1,0,1,1,1,0,1,1,0,1,1,1,1,1,1
83,2025/09/07 9:55:43 AM GMT+3,Чоловіча,Пенсіонер,"Позитивно, туристи це завжди добре для міста","Позитивно, туристи це завжди добре для міста",початковий (A1),елементарний (A2),Ні,Ні,Так,social media,"Позитивно, туристи це завжди добре для міста",20.0,5000.0,5.0,66.0,1,1,1,0,1,0,1,1,1,0,0,0,0,1,0,0,1,0,1,0,0,1,1,1,1,1,1,0,1
84,2025/09/07 10:04:57 AM GMT+3,Жіноча,Працівник,На мене це ніяк не впливає,На мене це ніяк не впливає,початковий (A1),середній (B1),Ні,Так,Ні,social media,На мене це ніяк не впливає,20.0,5000.0,15.0,35.0,1,1,1,1,1,0,1,0,0,0,0,0,1,0,0,0,0,0,0,0,1,1,0,1,1,1,0,0,1
85,2025/09/07 1:57:16 PM GMT+3,Жіноча,Працівник,"Позитивно, туристи це завжди добре для міста","Позитивно, туристи це завжди добре для міста",середній (B1),початковий (A1),Ні,Частково,Ні,social media,"Негативно, вони залишають багато сміття і вони люди іншої культури, яка для нас чужа",20.0,30000.0,2.5,44.0,1,1,1,0,1,1,0,1,1,0,0,0,0,1,0,1,1,0,0,0,1,0,0,1,1,1,1,1,0
86,2025/09/07 1:58:56 PM GMT+3,Жіноча,Працівник,"Позитивно, туристи це завжди добре для міста","Позитивно, туристи це завжди добре для міста",середній (B1),початковий (A1),Так,Так,Ні,social media,"Позитивно, туристи це завжди добре для міста",7.5,15000.0,2.5,27.0,1,0,1,1,1,0,1,0,1,0,0,0,0,1,0,0,1,0,0,0,1,0,0,1,0,0,0,0,1
87,2025/09/07 2:39:35 PM GMT+3,Жіноча,Приватний підприємець,"Позитивно, туристи це завжди добре для міста","Позитивно, туристи це завжди добре для міста",вище середнього (B2),середній (B1),Ні,Так,Ні,social media,"Позитивно, туристи це завжди добре для міста",20.0,15000.0,2.5,39.0,0,0,1,0,0,0,1,1,0,0,0,0,0,1,0,1,0,0,0,0,1,1,0,0,0,1,1,0,0
88,2025/09/07 2:44:44 PM GMT+3,Чоловіча,Військовослужбовець,"Позитивно, туристи це завжди добре для міста","Позитивно, туристи це завжди добре для міста",елементарний (A2),просунутий (C1),Частково,Частково,Ні,social media,"Позитивно, туристи це завжди добре для міста",20.0,50000.0,5.0,43.0,0,0,1,1,1,0,1,0,1,1,0,0,0,1,0,0,1,0,0,0,1,0,0,0,0,0,0,0,0
89,2025/09/07 2:45:05 PM GMT+3,Чоловіча,Працівник,"Позитивно, туристи це завжди добре для міста","Позитивно, туристи це завжди добре для міста",,середній (B1),Так,Так,Так,social media,"Позитивно, туристи це завжди добре для міста",20.0,5000.0,2.5,45.0,0,0,1,0,0,0,0,0,1,0,0,0,0,1,0,0,0,0,0,0,1,0,1,1,0,0,1,0,0
90,2025/09/07 3:08:55 PM GMT+3,Жіноча,Працівник,"Позитивно, туристи це завжди добре для міста","Позитивно, туристи це завжди добре для міста",вище середнього (B2),елементарний (A2),Частково,Так,Частково,social media,"Негативно, вони залишають багато сміття і вони люди іншої культури, яка для нас чужа",7.5,15000.0,2.5,41.0,1,1,1,0,1,0,0,0,1,0,1,0,0,1,0,0,1,0,1,0,0,0,0,0,0,1,1,1,0
91,2025/09/07 3:09:13 PM GMT+3,Жіноча,Пенсіонер,"Позитивно, туристи це завжди добре для міста","Позитивно, туристи це завжди добре для міста",початковий (A1),середній (B1),Ні,Частково,Частково,social media,"Негативно, вони залишають багато сміття і вони люди іншої культури, яка для нас чужа",20.0,5000.0,25.0,67.0,1,0,0,0,0,1,1,0,1,0,0,0,0,1,0,0,0,1,0,0,1,1,0,0,0,1,1,0,1
92,2025/09/07 3:55:45 PM GMT+3,Жіноча,Пенсіонер,На мене це ніяк не впливає,"Позитивно, туристи це завжди добре для міста",,середній (B1),Ні,Ні,Ні,social media,"Негативно, вони залишають багато сміття і вони люди іншої культури, яка для нас чужа",20.0,5000.0,,72.0,1,0,0,0,0,0,0,0,1,0,0,0,0,0,0,0,0,0,0,0,0,0,0,0,0,0,0,0,1
93,2025/09/07 5:10:56 PM GMT+3,Жіноча,Працівник,На мене це ніяк не впливає,"Позитивно, туристи це завжди добре для міста",середній (B1),елементарний (A2),Частково,Так,Ні,social media,На мене це ніяк не впливає,20.0,15000.0,5.0,36.0,0,0,1,0,0,0,1,1,1,1,1,0,0,1,1,1,0,1,1,0,0,1,0,1,0,1,1,1,1
94,2025/09/07 5:27:57 PM GMT+3,Жіноча,Працівник,"Позитивно, туристи це завжди добре для міста","Позитивно, туристи це завжди добре для міста",елементарний (A2),початковий (A1),Ні,Частково,Ні,social media,"Позитивно, туристи це завжди добре для міста",15.0,15000.0,5.0,37.0,0,1,1,0,1,0,1,1,0,0,0,0,1,0,0,0,0,1,0,0,0,0,0,1,1,0,1,0,1
95,2025/09/07 5:32:41 PM GMT+3,Жіноча,Військовослужбовець,"Позитивно, туристи це завжди добре для міста","Позитивно, туристи це завжди добре для міста",елементарний (A2),початковий (A1),Ні,Так,Ні,social media,"Негативно, вони залишають багато сміття і вони люди іншої культури, яка для нас чужа",20.0,50000.0,2.5,29.0,1,0,1,1,1,0,1,0,1,0,0,0,0,1,0,0,1,1,1,0,1,1,0,1,1,0,1,0,1
96,2025/09/07 6:29:04 PM GMT+3,Жіноча,Працівник,"Позитивно, туристи це завжди добре для міста","Позитивно, туристи це завжди добре для міста",середній (B1),початковий (A1),Ні,Ні,Частково,social media,"Позитивно, туристи це завжди добре для міста",15.0,15000.0,5.0,39.0,0,1,1,0,1,0,0,1,1,0,1,0,0,0,0,0,0,0,0,1,0,0,1,0,1,1,1,1,0
97,2025/09/07 6:33:31 PM GMT+3,Жіноча,Тимчасово не працюю,"Позитивно, туристи це завжди добре для міста","Позитивно, туристи це завжди добре для міста",середній (B1),вище середнього (B2),Так,Так,Так,social media,На мене це ніяк не впливає,20.0,5000.0,2.5,58.0,0,0,0,1,0,0,1,0,1,0,0,0,0,1,0,0,0,0,0,0,0,0,0,0,1,0,0,0,1
98,2025/09/07 7:28:51 PM GMT+3,Жіноча,Тимчасово не працюю,"Позитивно, туристи це завжди добре для міста","Позитивно, туристи це завжди добре для міста",середній (B1),початковий (A1),Ні,Ні,Ні,social media,На мене це ніяк не впливає,7.5,30000.0,5.0,33.0,1,0,1,0,1,0,1,1,1,0,0,0,0,1,1,0,1,1,0,0,1,0,0,1,1,0,1,0,1
99,2025/09/07 7:54:55 PM GMT+3,Жіноча,Працівник,"Позитивно, туристи це завжди добре для міста","Позитивно, туристи це завжди добре для міста",початковий (A1),елементарний (A2),Ні,Так,Ні,social media,На мене це ніяк не впливає,20.0,15000.0,5.0,62.0,1,1,1,1,1,0,1,0,1,0,0,0,0,1,0,1,1,0,1,0,0,1,0,1,0,1,1,0,1
100,2025/09/07 8:01:51 PM GMT+3,Жіноча,Тимчасово не працюю,На мене це ніяк не впливає,На мене це ніяк не впливає,початковий (A1),середній (B1),Ні,Ні,Ні,social media,На мене це ніяк не впливає,20.0,5000.0,2.5,52.0,1,1,1,0,1,1,0,0,0,0,0,0,1,0,0,0,0,0,1,0,0,0,0,0,0,1,0,1,0
101,2025/09/07 8:39:59 PM GMT+3,Чоловіча,Військовослужбовець,"Позитивно, туристи це завжди добре для міста","Позитивно, туристи це завжди добре для міста",середній (B1),елементарний (A2),Частково,Частково,Частково,social media,"Позитивно, туристи це завжди добре для міста",20.0,80000.0,2.5,26.0,0,0,1,0,0,0,1,0,1,0,0,0,0,0,1,0,0,0,0,0,0,0,0,1,1,1,0,0,0
102,2025/09/07 9:07:22 PM GMT+3,Жіноча,Працівник,На мене це ніяк не впливає,На мене це ніяк не впливає,елементарний (A2),початковий (A1),Ні,Ні,Ні,social media,На мене це ніяк не впливає,15.0,15000.0,25.0,39.0,0,1,0,0,0,0,0,0,1,0,0,0,0,1,0,1,0,0,0,0,0,0,0,0,0,1,1,0,0
103,2025/09/07 9:31:53 PM GMT+3,Жіноча,Пенсіонер,"Позитивно, туристи це завжди добре для міста","Позитивно, туристи це завжди добре для міста",початковий (A1),середній (B1),Ні,Частково,Ні,social media,"Негативно, вони залишають багато сміття і вони люди іншої культури, яка для нас чужа",20.0,5000.0,2.5,61.0,0,0,1,0,1,0,0,0,1,0,0,0,0,1,0,0,0,0,0,0,1,0,0,0,1,0,0,0,1
104,2025/09/07 9:53:05 PM GMT+3,Жіноча,Приватний підприємець,"Позитивно, туристи це завжди добре для міста","Позитивно, туристи це завжди добре для міста",середній (B1),середній (B1),Частково,Так,Ні,social media,"Позитивно, туристи це завжди добре для міста",20.0,30000.0,2.5,36.0,1,0,1,0,1,0,0,0,1,0,0,0,0,1,0,0,1,0,0,0,0,1,0,0,1,0,0,1,0
105,2025/09/08 7:36:05 AM GMT+3,Жіноча,Працівник,"Позитивно, туристи це завжди добре для міста","Позитивно, туристи це завжди добре для міста",вище середнього (B2),вище середнього (B2),Частково,Частково,Ні,social media,На мене це ніяк не впливає,,5000.0,5.0,32.0,1,0,1,1,1,1,1,0,0,0,0,0,0,1,0,1,0,0,0,0,0,0,0,0,1,1,0,0,1
106,2025/09/08 8:05:29 AM GMT+3,Жіноча,Працівник,"Позитивно, туристи це завжди добре для міста","Позитивно, туристи це завжди добре для міста",початковий (A1),початковий (A1),Ні,Ні,Частково,social media,"Позитивно, туристи це завжди добре для міста",20.0,30000.0,2.5,45.0,1,1,1,0,1,1,1,1,1,0,0,0,0,1,0,0,1,0,0,0,1,0,0,1,0,0,1,0,1
107,2025/09/08 8:24:08 AM GMT+3,Жіноча,Працівник,"Позитивно, туристи це завжди добре для міста","Позитивно, туристи це завжди добре для міста",початковий (A1),початковий (A1),Частково,Так,Частково,social media,"Позитивно, туристи це завжди добре для міста",15.0,15000.0,5.0,41.0,0,0,0,0,1,0,1,0,1,0,0,0,0,1,0,0,1,0,1,0,1,0,0,1,0,1,1,0,1
108,2025/09/08 9:24:52 AM GMT+3,Жіноча,Працівник,"Позитивно, туристи це завжди добре для міста","Позитивно, туристи це завжди добре для міста",початковий (A1),середній (B1),Частково,Так,Ні,social media,"Негативно, вони залишають багато сміття і вони люди іншої культури, яка для нас чужа",20.0,5000.0,2.5,39.0,1,0,0,1,1,0,0,0,0,0,0,0,1,0,0,0,0,0,1,0,0,1,0,1,0,0,1,0,1
109,2025/09/08 10:48:45 AM GMT+3,Жіноча,Тимчасово не працюю,"Позитивно, туристи це завжди добре для міста","Позитивно, туристи це завжди добре для міста",вище середнього (B2),елементарний (A2),Ні,Так,Так,social media,"Негативно, вони залишають багато сміття і вони люди іншої культури, яка для нас чужа",20.0,5000.0,2.5,32.0,1,0,0,0,1,0,0,0,1,0,0,0,0,1,0,0,1,0,0,0,0,0,0,1,1,1,0,0,1
110,2025/09/08 12:03:39 PM GMT+3,Чоловіча,Працівник,"Позитивно, туристи це завжди добре для міста","Позитивно, туристи це завжди добре для міста",вище середнього (B2),елементарний (A2),Частково,Ні,Ні,social media,"Позитивно, туристи це завжди добре для міста",20.0,30000.0,2.5,43.0,0,0,0,0,1,0,0,1,1,1,1,0,0,1,1,0,0,1,0,0,1,1,0,1,0,1,1,0,1
111,2025/09/08 1:18:53 PM GMT+3,Жіноча,Пенсіонер,"Позитивно, туристи це завжди добре для міста","Позитивно, туристи це завжди добре для міста",,початковий (A1),Так,Так,Частково,social media,"Позитивно, туристи це завжди добре для міста",20.0,5000.0,5.0,56.0,1,0,1,0,0,0,0,0,1,0,1,0,0,1,0,0,1,0,0,0,0,0,0,1,0,0,0,0,0
112,2025/09/08 1:39:26 PM GMT+3,Жіноча,Приватний підприємець,"Позитивно, туристи це завжди добре для міста",На мене це ніяк не впливає,елементарний (A2),вище середнього (B2),Ні,Так,Ні,social media,"Позитивно, туристи це завжди добре для міста",20.0,50000.0,2.5,47.0,0,0,0,0,0,0,0,1,1,0,0,0,1,0,0,0,0,0,0,0,1,0,1,0,0,1,1,0,1
113,2025/09/08 1:45:24 PM GMT+3,Жіноча,Приватний підприємець,"Позитивно, туристи це завжди добре для міста","Позитивно, туристи це завжди добре для міста",просунутий (C1),середній (B1),Ні,Так,Ні,social media,На мене це ніяк не впливає,15.0,50000.0,15.0,34.0,1,1,1,0,1,1,0,0,1,0,0,0,0,1,1,1,0,0,0,0,0,1,1,1,0,0,0,1,1
114,2025/09/08 2:34:19 PM GMT+3,Жіноча,Працівник,"Позитивно, туристи це завжди добре для міста","Позитивно, туристи це завжди добре для міста",середній (B1),початковий (A1),Ні,Так,Частково,social media,"Негативно, вони залишають багато сміття і вони люди іншої культури, яка для нас чужа",20.0,15000.0,2.5,,1,1,1,1,1,0,1,1,0,0,0,0,1,0,0,0,0,0,0,0,0,0,0,1,0,1,1,1,0
115,2025/09/08 3:31:44 PM GMT+3,Жіноча,Працівник,"Позитивно, туристи це завжди добре для міста","Позитивно, туристи це завжди добре для міста",початковий (A1),початковий (A1),,Ні,Ні,social media,"Позитивно, туристи це завжди добре для міста",20.0,15000.0,2.5,43.0,1,0,1,0,1,0,1,0,0,0,0,1,0,0,0,0,1,1,0,1,0,0,0,1,0,0,1,0,1
116,2025/09/08 4:18:43 PM GMT+3,Чоловіча,Працівник,"Позитивно, туристи це завжди добре для міста","Позитивно, туристи це завжди добре для міста",початковий (A1),елементарний (A2),Частково,Так,Частково,social media,На мене це ніяк не впливає,1.0,30000.0,15.0,40.0,1,1,1,1,1,1,1,1,1,0,0,0,0,1,1,0,1,0,0,0,1,0,0,1,1,0,0,0,1
117,2025/09/08 6:11:48 PM GMT+3,Жіноча,Працівник,"Позитивно, туристи це завжди добре для міста","Позитивно, туристи це завжди добре для міста",середній (B1),початковий (A1),Ні,Так,Частково,social media,На мене це ніяк не впливає,15.0,15000.0,2.5,41.0,0,1,1,0,1,0,0,0,1,0,0,0,0,1,0,0,0,1,0,0,0,1,0,1,0,1,1,0,0
118,2025/09/08 6:16:58 PM GMT+3,Жіноча,Працівник,"Позитивно, туристи це завжди добре для міста","Позитивно, туристи це завжди добре для міста",,початковий (A1),Так,Так,Частково,social media,"Позитивно, туристи це завжди добре для міста",20.0,5000.0,5.0,56.0,1,0,1,0,0,0,0,0,1,0,0,0,0,1,0,0,1,0,0,0,0,0,0,1,0,0,0,0,0
119,2025/09/09 8:42:31 AM GMT+3,Жіноча,Приватний підприємець,"Позитивно, туристи це завжди добре для міста","Позитивно, туристи це завжди добре для міста",елементарний (A2),вище середнього (B2),Ні,Ні,Так,social media,На мене це ніяк не впливає,20.0,30000.0,5.0,39.0,0,0,1,0,1,0,0,1,1,0,0,0,0,1,1,0,0,1,0,0,1,0,0,0,1,1,0,0,1
120,2025/09/09 10:20:41 AM GMT+3,Жіноча,Приватний підприємець,"Позитивно, туристи це завжди добре для міста","Позитивно, туристи це завжди добре для міста",середній (B1),початковий (A1),Ні,Частково,Ні,social media,На мене це ніяк не впливає,20.0,30000.0,2.5,51.0,1,1,1,1,1,1,1,1,1,0,1,0,0,1,1,1,1,1,1,1,1,1,1,1,1,1,1,1,1
121,2025/09/09 11:38:53 AM GMT+3,Жіноча,Приватний підприємець,На мене це ніяк не впливає,На мене це ніяк не впливає,вище середнього (B2),початковий (A1),Ні,Так,Ні,social media,На мене це ніяк не впливає,3.5,30000.0,15.0,32.0,0,0,0,0,1,0,0,0,0,0,0,0,1,0,0,1,0,0,0,0,1,1,0,0,0,1,1,0,1
122,2025/09/09 11:43:51 AM GMT+3,Жіноча,Працівник,"Позитивно, туристи це завжди добре для міста","Позитивно, туристи це завжди добре для міста",елементарний (A2),початковий (A1),Так,Так,Ні,social media,"Негативно, вони залишають багато сміття і вони люди іншої культури, яка для нас чужа",20.0,15000.0,2.5,32.0,1,0,1,1,1,1,1,0,1,0,0,0,0,1,1,0,1,0,0,0,1,1,0,1,0,1,1,0,1
123,2025/09/09 11:48:03 AM GMT+3,Жіноча,Працівник,"Позитивно, туристи це завжди добре для міста","Позитивно, туристи це завжди добре для міста",середній (B1),початковий (A1),Ні,Так,Ні,social media,На мене це ніяк не впливає,20.0,30000.0,25.0,23.0,1,1,1,1,0,0,0,0,1,0,0,0,0,1,0,1,0,0,0,1,0,0,1,0,0,0,0,1,0
124,2025/09/09 12:00:13 PM GMT+3,Жіноча,Працівник,"Позитивно, туристи це завжди добре для міста","Позитивно, туристи це завжди добре для міста",середній (B1),елементарний (A2),Ні,Так,Ні,social media,"Негативно, вони залишають багато сміття і вони люди іншої культури, яка для нас чужа",20.0,15000.0,5.0,22.0,1,1,1,0,1,0,0,0,1,0,0,0,0,1,1,1,0,0,0,0,1,1,0,0,0,1,1,0,1
125,2025/09/09 12:04:35 PM GMT+3,Жіноча,Працівник,На мене це ніяк не впливає,"Позитивно, туристи це завжди добре для міста",елементарний (A2),початковий (A1),Ні,Так,Ні,social media,"Негативно, вони залишають багато сміття і вони люди іншої культури, яка для нас чужа",7.5,5000.0,2.5,24.0,0,1,1,0,1,1,1,0,1,0,0,0,0,1,0,0,1,0,0,0,1,0,0,1,0,0,1,0,1
126,2025/09/09 12:09:48 PM GMT+3,Жіноча,Працівник,"Позитивно, туристи це завжди добре для міста","Позитивно, туристи це завжди добре для міста",початковий (A1),початковий (A1),Так,Так,Частково,social media,"Позитивно, туристи це завжди добре для міста",20.0,5000.0,5.0,56.0,1,0,1,0,0,0,1,0,1,0,0,0,0,1,0,0,0,0,0,0,0,0,0,1,0,1,0,0,0
127,2025/09/09 1:09:59 PM GMT+3,Чоловіча,Військовослужбовець,"Позитивно, туристи це завжди добре для міста","Позитивно, туристи це завжди добре для міста",вище середнього (B2),початковий (A1),Ні,Частково,Частково,social media,"Негативно, вони залишають багато сміття і вони люди іншої культури, яка для нас чужа",20.0,30000.0,5.0,29.0,0,1,1,1,1,0,1,1,1,1,0,0,0,1,1,0,1,1,0,0,1,1,0,0,1,1,1,0,1
128,2025/09/09 3:29:54 PM GMT+3,Жіноча,Приватний підприємець,"Позитивно, туристи це завжди добре для міста","Позитивно, туристи це завжди добре для міста",просунутий (C1),елементарний (A2),Частково,Так,Ні,social media,На мене це ніяк не впливає,20.0,30000.0,15.0,64.0,1,0,1,1,1,0,1,0,1,0,0,0,0,1,0,0,1,1,0,0,0,0,0,1,0,1,1,1,1
129,2025/09/09 3:49:25 PM GMT+3,Жіноча,Пенсіонер,На мене це ніяк не впливає,"Позитивно, туристи це завжди добре для міста",початковий (A1),елементарний (A2),Так,Так,Частково,social media,На мене це ніяк не впливає,20.0,5000.0,2.5,68.0,0,0,0,0,1,0,0,0,1,0,0,0,0,1,0,0,0,0,0,0,1,0,0,0,0,1,0,0,1
130,2025/09/09 3:52:53 PM GMT+3,Жіноча,Працівник,"Позитивно, туристи це завжди добре для міста","Позитивно, туристи це завжди добре для міста",елементарний (A2),елементарний (A2),Так,Так,Частково,social media,На мене це ніяк не впливає,15.0,15000.0,15.0,20.0,0,0,0,0,1,0,1,0,1,0,0,0,0,1,1,0,0,0,0,1,1,1,0,1,1,0,1,1,0
131,2025/09/09 4:36:39 PM GMT+3,Жіноча,Працівник,"Позитивно, туристи це завжди добре для міста","Позитивно, туристи це завжди добре для міста",початковий (A1),середній (B1),Частково,Так,Ні,social media,На мене це ніяк не впливає,20.0,5000.0,5.0,42.0,1,0,1,0,1,0,0,0,1,0,0,0,0,1,0,0,0,0,1,0,1,1,1,0,1,1,0,0,1
132,2025/09/09 5:15:17 PM GMT+3,Чоловіча,Тимчасово не працюю,"Позитивно, туристи це завжди добре для міста","Позитивно, туристи це завжди добре для міста",початковий (A1),початковий (A1),Ні,Так,Ні,social media,На мене це ніяк не впливає,20.0,30000.0,2.5,28.0,0,0,0,0,1,0,0,0,0,1,0,0,0,0,1,0,0,0,0,0,1,0,0,0,0,0,0,0,0
133,2025/09/09 7:17:59 PM GMT+3,Жіноча,Приватний підприємець,На мене це ніяк не впливає,"Позитивно, туристи це завжди добре для міста",початковий (A1),початковий (A1),Ні,Так,Частково,social media,На мене це ніяк не впливає,20.0,30000.0,2.5,43.0,1,1,1,1,0,1,0,0,0,0,0,0,0,1,0,0,0,0,0,0,1,0,1,1,0,0,1,0,1
134,2025/09/10 12:32:30 PM GMT+3,Жіноча,Приватний підприємець,"Позитивно, туристи це завжди добре для міста","Позитивно, туристи це завжди добре для міста",елементарний (A2),елементарний (A2),Ні,Так,Так,social media,На мене це ніяк не впливає,20.0,100000.0,15.0,42.0,1,0,0,1,1,0,0,0,1,0,0,0,0,1,0,0,0,0,0,0,1,0,0,1,0,0,1,0,1
135,2025/09/10 1:48:03 PM GMT+3,Чоловіча,Працівник,"Позитивно, туристи це завжди добре для міста","Позитивно, туристи це завжди добре для міста",середній (B1),досконалий (C2),Частково,Частково,Ні,social media,"Позитивно, туристи це завжди добре для міста",1.0,30000.0,5.0,31.0,1,1,1,1,0,1,1,1,1,0,0,0,0,1,0,0,1,0,0,0,0,1,0,0,0,1,0,0,1
136,2025/09/10 4:20:54 PM GMT+3,Чоловіча,Військовослужбовець,"Позитивно, туристи це завжди добре для міста","Позитивно, туристи це завжди добре для міста",вище середнього (B2),елементарний (A2),Ні,Так,Ні,social media,"Позитивно, туристи це завжди добре для міста",15.0,50000.0,5.0,30.0,1,1,1,0,1,0,0,0,1,0,0,0,0,1,0,0,0,0,0,0,0,0,0,1,0,1,0,1,1
137,2025/09/10 5:17:51 PM GMT+3,Жіноча,Працівник,"Позитивно, туристи це завжди добре для міста","Позитивно, туристи це завжди добре для міста",початковий (A1),,Ні,Так,Ні,social media,На мене це ніяк не впливає,20.0,50000.0,25.0,45.0,0,1,0,0,0,1,0,0,1,0,0,0,0,0,0,0,0,0,0,0,0,1,0,0,0,1,0,0,1
138,2025/09/10 5:30:11 PM GMT+3,Чоловіча,Працівник,"Позитивно, туристи це завжди добре для міста","Позитивно, туристи це завжди добре для міста",елементарний (A2),початковий (A1),Так,Так,Так,social media,"Позитивно, туристи це завжди добре для міста",7.5,30000.0,2.5,25.0,0,1,0,0,0,1,0,0,1,1,0,0,0,1,1,0,0,1,0,0,0,0,1,0,0,0,0,0,0
139,2025/09/11 1:34:05 PM GMT+3,Жіноча,Працівник,На мене це ніяк не впливає,На мене це ніяк не впливає,середній (B1),елементарний (A2),Так,Так,Ні,social media,На мене це ніяк не впливає,7.5,15000.0,5.0,34.0,1,0,0,0,0,1,0,0,1,0,0,0,0,0,1,0,0,0,0,0,1,0,1,0,0,0,0,0,0
140,2025/09/11 1:38:35 PM GMT+3,Жіноча,Працівник,"Позитивно, туристи це завжди добре для міста","Позитивно, туристи це завжди добре для міста",початковий (A1),елементарний (A2),Частково,Так,Ні,social media,"Негативно, вони залишають багато сміття і вони люди іншої культури, яка для нас чужа",1.0,15000.0,25.0,28.0,1,0,1,0,1,0,1,0,1,0,0,0,0,1,1,0,0,0,1,0,0,1,0,1,0,1,1,0,0
141,2025/09/11 1:51:36 PM GMT+3,Жіноча,Працівник,"Позитивно, туристи це завжди добре для міста","Позитивно, туристи це завжди добре для міста",середній (B1),просунутий (C1),Ні,Так,Ні,social media,На мене це ніяк не впливає,15.0,15000.0,5.0,30.0,1,0,0,1,1,0,0,0,1,0,0,0,0,1,1,0,0,0,1,0,1,1,0,1,0,1,0,0,1
142,2025/09/11 2:06:21 PM GMT+3,Жіноча,Приватний підприємець,"Позитивно, туристи це завжди добре для міста","Позитивно, туристи це завжди добре для міста",середній (B1),елементарний (A2),Ні,Так,Ні,social media,На мене це ніяк не впливає,20.0,50000.0,25.0,42.0,0,1,1,0,1,0,0,1,0,0,0,0,1,0,0,1,0,0,0,1,0,0,0,0,0,1,0,1,1
143,2025/09/11 2:07:29 PM GMT+3,Жіноча,Працівник,"Позитивно, туристи це завжди добре для міста","Позитивно, туристи це завжди добре для міста",елементарний (A2),середній (B1),Ні,Так,Ні,social media,"Позитивно, туристи це завжди добре для міста",20.0,15000.0,15.0,30.0,0,1,1,0,1,1,1,0,1,0,0,0,0,1,0,0,1,0,0,0,1,1,0,1,1,0,1,0,1
144,2025/09/11 2:44:22 PM GMT+3,Жіноча,Працівник,На мене це ніяк не впливає,"Позитивно, туристи це завжди добре для міста",середній (B1),елементарний (A2),Частково,Так,Ні,social media,На мене це ніяк не впливає,20.0,15000.0,5.0,36.0,1,0,1,0,0,0,1,1,1,1,1,0,0,1,1,0,0,1,0,0,0,0,0,1,0,1,1,1,1
145,2025/09/11 4:19:17 PM GMT+3,Жіноча,Працівник,"Позитивно, туристи це завжди добре для міста","Позитивно, туристи це завжди добре для міста",елементарний (A2),середній (B1),Так,Так,Ні,social media,"Позитивно, туристи це завжди добре для міста",20.0,5000.0,2.5,44.0,1,0,1,1,1,0,1,1,1,0,0,0,0,1,1,0,1,1,0,0,1,1,0,1,1,1,1,0,1
146,2025/09/11 5:15:33 PM GMT+3,Чоловіча,Студент,"Позитивно, туристи це завжди добре для міста","Позитивно, туристи це завжди добре для міста",вище середнього (B2),елементарний (A2),Частково,Так,Ні,social media,На мене це ніяк не впливає,15.0,5000.0,5.0,18.0,1,0,1,1,1,0,1,0,1,0,0,0,0,1,0,0,1,0,0,0,0,0,0,1,1,0,0,1,1
147,2025/09/11 5:26:03 PM GMT+3,Чоловіча,Працівник,"Позитивно, туристи це завжди добре для міста","Позитивно, туристи це завжди добре для міста",початковий (A1),середній (B1),Частково,Так,Частково,social media,На мене це ніяк не впливає,20.0,15000.0,2.5,51.0,0,1,1,0,1,0,1,0,1,0,0,0,0,1,0,0,1,1,0,0,0,1,0,0,0,0,1,0,0
148,2025/09/11 7:16:51 PM GMT+3,Жіноча,Працівник,"Позитивно, туристи це завжди добре для міста","Позитивно, туристи це завжди добре для міста",елементарний (A2),початковий (A1),Ні,Так,Ні,social media,"Негативно, вони залишають багато сміття і вони люди іншої культури, яка для нас чужа",20.0,15000.0,5.0,33.0,0,0,0,0,1,0,1,1,1,0,1,0,0,1,1,0,0,1,1,0,0,0,0,0,1,1,0,0,0
149,2025/09/11 8:56:33 PM GMT+3,Жіноча,Тимчасово не працюю,На мене це ніяк не впливає,На мене це ніяк не впливає,середній (B1),елементарний (A2),Ні,Ні,Ні,social media,На мене це ніяк не впливає,15.0,30000.0,5.0,28.0,0,1,0,0,1,1,1,0,0,0,0,0,1,0,0,1,0,1,1,0,0,0,1,0,0,1,0,1,0
150,2025/09/11 9:58:01 PM GMT+3,Жіноча,Тимчасово не працюю,"Позитивно, туристи це завжди добре для міста","Позитивно, туристи це завжди добре для міста",просунутий (C1),початковий (A1),Ні,Ні,Ні,social media,"Негативно, вони залишають багато сміття і вони люди іншої культури, яка для нас чужа",20.0,30000.0,25.0,39.0,0,1,0,0,1,1,0,1,1,0,0,0,1,0,0,0,1,0,0,0,0,0,0,0,0,1,1,1,1
151,2025/09/11 11:41:29 PM GMT+3,Чоловіча,Приватний підприємець,"Позитивно, туристи це завжди добре для міста","Позитивно, туристи це завжди добре для міста",початковий (A1),середній (B1),Ні,Ні,Ні,social media,"Позитивно, туристи це завжди добре для міста",20.0,30000.0,2.5,1934.0,1,1,1,1,1,0,1,1,0,0,0,0,0,1,0,0,1,0,1,0,0,1,0,1,0,0,1,0,1
152,2025/09/12 12:29:05 AM GMT+3,Жіноча,Працівник,"Позитивно, туристи це завжди добре для міста","Позитивно, туристи це завжди добре для міста",початковий (A1),середній (B1),Ні,Так,Ні,social media,"Негативно, вони залишають багато сміття і вони люди іншої культури, яка для нас чужа",20.0,,15.0,44.0,1,1,1,0,1,1,1,0,0,0,0,0,0,1,0,0,1,0,1,0,0,0,0,1,1,1,1,0,1
153,2025/09/12 12:11:42 PM GMT+3,Жіноча,Тимчасово не працюю,На мене це ніяк не впливає,На мене це ніяк не впливає,елементарний (A2),елементарний (A2),Частково,Частково,Частково,social media,На мене це ніяк не впливає,20.0,5000.0,2.5,24.0,0,0,0,0,1,0,0,1,0,0,0,0,1,0,0,0,0,1,0,0,0,0,1,0,1,0,0,1,1
154,2025/09/12 12:18:30 PM GMT+3,Чоловіча,Працівник,На мене це ніяк не впливає,"Позитивно, туристи це завжди добре для міста",елементарний (A2),початковий (A1),Частково,Так,Так,social media,На мене це ніяк не впливає,20.0,5000.0,2.5,23.0,0,0,1,0,1,0,0,0,1,0,0,0,0,1,0,0,0,0,1,0,1,1,0,1,0,1,0,0,0
155,2025/09/12 2:00:48 PM GMT+3,Чоловіча,Працівник,На мене це ніяк не впливає,"Позитивно, туристи це завжди добре для міста",вище середнього (B2),середній (B1),Ні,Ні,Частково,social media,"Негативно, вони залишають багато сміття і вони люди іншої культури, яка для нас чужа",20.0,30000.0,2.5,,1,1,1,0,0,0,0,1,1,0,0,0,0,1,0,0,1,0,0,0,0,0,0,1,0,0,1,0,1
156,2025/09/17 3:37:06 PM GMT+3,Чоловіча,Працівник,"Позитивно, туристи це завжди добре для міста","Позитивно, туристи це завжди добре для міста",середній (B1),середній (B1),Ні,Ні,Ні,social media,"Позитивно, туристи це завжди добре для міста",20.0,30000.0,5.0,35.0,0,0,1,0,1,0,0,1,0,0,0,0,1,0,0,0,0,1,0,0,0,0,1,1,1,0,0,0,1
157,2025/09/17 5:12:11 PM GMT+3,Жіноча,Учень,На мене це ніяк не впливає,"Позитивно, туристи це завжди добре для міста",елементарний (A2),елементарний (A2),Так,Ні,Частково,social media,На мене це ніяк не впливає,15.0,5000.0,2.5,13.0,0,0,1,0,1,0,1,1,1,0,0,0,0,1,1,1,0,1,1,1,1,0,1,1,1,1,1,0,1
158,2025/09/18 3:33:47 PM GMT+3,Жіноча,Працівник,"Позитивно, туристи це завжди добре для міста","Позитивно, туристи це завжди добре для міста",середній (B1),середній (B1),Ні,Ні,Ні,social media,"Позитивно, туристи це завжди добре для міста",1.0,15000.0,15.0,35.0,1,1,1,1,1,1,1,1,1,0,0,0,0,1,0,1,1,1,0,1,1,1,0,1,1,0,1,1,1
159,2025/09/19 4:53:52 PM GMT+3,Жіноча,Приватний підприємець,На мене це ніяк не впливає,На мене це ніяк не впливає,початковий (A1),середній (B1),Ні,Так,Частково,social media,"Негативно, вони залишають багато сміття і вони люди іншої культури, яка для нас чужа",20.0,5000.0,5.0,45.0,0,1,0,0,0,1,1,0,1,0,0,0,0,1,1,0,1,0,0,0,0,0,0,1,0,0,1,0,1
160,2025/09/19 5:02:14 PM GMT+3,Чоловіча,Тимчасово не працюю,"Позитивно, туристи це завжди добре для міста","Позитивно, туристи це завжди добре для міста",початковий (A1),вище середнього (B2),Частково,Так,Ні,social media,"Негативно, вони залишають багато сміття і вони люди іншої культури, яка для нас чужа",20.0,5000.0,25.0,55.0,0,0,0,1,0,0,0,0,0,0,0,0,0,1,0,0,0,0,0,0,0,0,0,0,0,1,0,0,1
161,2025/09/19 5:10:37 PM GMT+3,Жіноча,Приватний підприємець,"Позитивно, туристи це завжди добре для міста","Позитивно, туристи це завжди добре для міста",вище середнього (B2),початковий (A1),Ні,Так,Частково,social media,На мене це ніяк не впливає,15.0,30000.0,5.0,39.0,1,1,0,0,1,0,1,1,1,0,1,0,0,1,1,1,0,0,0,0,0,0,0,0,1,1,1,0,1
162,2025/09/19 5:14:37 PM GMT+3,Жіноча,Працівник,"Позитивно, туристи це завжди добре для міста","Позитивно, туристи це завжди добре для міста",початковий (A1),початковий (A1),Так,Так,Ні,social media,"Негативно, вони залишають багато сміття і вони люди іншої культури, яка для нас чужа",20.0,15000.0,25.0,43.0,0,0,0,1,0,1,1,0,1,0,0,0,0,1,0,0,0,0,0,0,0,1,0,0,0,0,0,0,1
163,2025/09/19 5:29:42 PM GMT+3,Чоловіча,Працівник,"Позитивно, туристи це завжди добре для міста","Позитивно, туристи це завжди добре для міста",початковий (A1),елементарний (A2),Ні,Так,Ні,social media,На мене це ніяк не впливає,20.0,15000.0,2.5,45.0,0,0,0,0,1,0,0,0,0,0,0,0,0,1,0,1,0,0,1,1,1,0,0,1,1,1,0,0,1
164,2025/09/19 6:03:21 PM GMT+3,Чоловіча,Працівник,"Позитивно, туристи це завжди добре для міста","Позитивно, туристи це завжди добре для міста",елементарний (A2),елементарний (A2),Ні,Так,Ні,social media,"Негативно, вони залишають багато сміття і вони люди іншої культури, яка для нас чужа",20.0,30000.0,2.5,47.0,1,0,0,1,0,1,1,0,1,1,0,0,0,1,0,0,0,0,1,0,0,1,0,1,0,1,1,0,0
165,2025/09/19 8:02:40 PM GMT+3,,,"Позитивно, туристи це завжди добре для міста","Позитивно, туристи це завжди добре для міста",початковий (A1),середній (B1),Ні,Так,Ні,social media,"Негативно, вони залишають багато сміття і вони люди іншої культури, яка для нас чужа",,,2.5,,0,1,0,1,0,0,0,0,1,0,0,0,0,1,0,0,1,0,1,0,1,0,0,0,1,0,1,0,1
166,2025/09/19 10:15:58 PM GMT+3,Чоловіча,Пенсіонер,"Позитивно, туристи це завжди добре для міста","Позитивно, туристи це завжди добре для міста",початковий (A1),середній (B1),Ні,Так,Частково,social media,"Позитивно, туристи це завжди добре для міста",,5000.0,2.5,67.0,0,0,0,0,0,1,0,0,1,0,0,0,0,0,0,0,0,0,1,0,0,0,0,0,1,0,0,0,1
167,2025/09/20 6:59:05 AM GMT+3,Чоловіча,Пенсіонер,"Позитивно, туристи це завжди добре для міста","Позитивно, туристи це завжди добре для міста",просунутий (C1),просунутий (C1),Ні,Ні,Ні,social media,"Позитивно, туристи це завжди добре для міста",20.0,15000.0,5.0,61.0,0,1,1,0,1,0,0,1,1,0,0,0,0,1,0,0,1,0,0,0,0,0,0,1,1,1,1,0,1
168,2025/09/20 8:10:13 AM GMT+3,Жіноча,Працівник,"Позитивно, туристи це завжди добре для міста","Позитивно, туристи це завжди добре для міста",елементарний (A2),початковий (A1),Ні,Так,Частково,social media,"Негативно, вони залишають багато сміття і вони люди іншої культури, яка для нас чужа",20.0,15000.0,5.0,44.0,0,1,1,0,0,1,0,0,1,0,0,0,0,1,0,0,0,1,0,0,1,0,0,0,0,0,0,0,0
169,2025/08/29 11:45:32 PM GMT+3,Жіноча,,,,,,,,Ні,test group,,20.0,15000.0,5.0,38.0,1,0,0,0,0,1,1,0,1,0,0,0,0,0,0,0,1,0,0,0,1,0,0,1,0,1,1,0,1
170,2025/08/29 11:47:27 PM GMT+3,Жіноча,Приватний підприємець,,,,,,,,test group,,,,,,0,1,1,0,0,1,0,1,0,0,0,0,0,0,0,0,0,1,1,0,0,0,0,0,1,0,1,0,1
171,2025/08/29 11:49:01 PM GMT+3,Жіноча,Працівник,,,,,,,,test group,,20.0,,,52.0,1,0,1,0,1,1,0,0,0,0,0,0,0,0,0,1,0,1,1,0,1,0,0,1,0,1,0,0,1
172,2025/08/29 11:50:46 PM GMT+3,Жіноча,Працівник,,,,,,,,test group,,20.0,,,,1,0,0,1,1,0,0,0,0,0,0,0,0,0,0,0,0,1,0,0,0,0,0,1,0,0,1,0,1
173,2025/08/29 11:52:42 PM GMT+3,Жіноча,Пенсіонер,,,,,,,Частково,test group,,20.0,,,61.0,0,1,1,1,1,1,0,0,0,0,0,0,0,0,0,1,1,0,1,0,1,0,0,1,0,0,0,0,0
174,2025/08/29 11:55:03 PM GMT+3,Жіноча,Працівник,,,,,,,Частково,test group,,20.0,,,55.0,1,0,1,0,1,0,0,0,0,0,0,0,0,1,0,1,0,0,0,0,0,0,0,1,0,1,0,0,1
175,2025/08/29 11:56:48 PM GMT+3,Жіноча,Працівник,,,,,,,Ні,test group,,20.0,15000.0,2.5,57.0,0,1,0,1,0,0,0,1,1,0,0,0,0,0,0,0,0,1,1,0,0,1,0,1,0,0,1,0,1
176,2025/08/29 11:58:20 PM GMT+3,Жіноча,Пенсіонер,,,,,,,Ні,test group,,20.0,15000.0,15.0,55.0,0,0,1,1,0,0,0,0,1,0,0,0,0,1,0,0,1,0,0,0,1,0,0,1,1,0,0,0,1
177,2025/08/29 11:59:28 PM GMT+3,Жіноча,Працівник,,,,,,,Частково,test group,,20.0,,,43.0,0,1,1,0,1,0,0,0,0,0,0,0,0,1,0,0,0,0,0,0,0,0,0,1,1,0,0,0,0
178,2025/08/30 12:02:05 AM GMT+3,Жіноча,Тимчасово не працюю,,,,,,,Ні,test group,,20.0,,2.5,,0,1,1,0,0,1,0,1,1,0,0,0,0,1,0,0,0,1,0,0,1,1,0,0,0,1,1,0,1
179,2025/08/30 12:03:54 AM GMT+3,Жіноча,Приватний підприємець,,,,,,,Ні,test group,,15.0,15000.0,2.5,37.0,1,1,1,1,1,1,0,1,1,0,0,0,0,0,0,1,0,1,1,0,1,1,0,1,0,1,1,0,1
180,2025/08/30 12:05:36 AM GMT+3,Чоловіча,Працівник,,,,,,,Частково,test group,,15.0,15000.0,,37.0,1,1,0,0,1,1,0,1,1,0,0,0,0,1,0,0,1,1,1,0,0,1,1,1,0,1,1,1,1
181,2025/08/30 12:07:27 AM GMT+3,Жіноча,Приватний підприємець,,,,,,,Ні,test group,,1.0,5000.0,2.5,35.0,0,1,1,0,1,0,0,1,0,1,0,0,0,0,0,0,1,1,0,0,0,0,0,1,0,0,1,0,1
182,2025/08/30 12:08:52 AM GMT+3,Жіноча,Працівник,,,,,,,Ні,test group,,7.5,15000.0,2.5,37.0,0,1,1,0,0,0,0,0,1,0,0,0,0,0,0,1,0,1,0,0,0,0,1,1,0,1,1,0,1
183,2025/08/30 12:11:05 AM GMT+3,Жіноча,Працівник,,,,,,,Частково,test group,,15.0,15000.0,5.0,39.0,0,1,1,0,1,0,0,1,1,0,0,0,0,0,0,1,0,1,0,0,0,0,1,1,0,0,1,0,0
184,2025/08/30 12:13:24 AM GMT+3,Жіноча,Працівник,,,,,,,Ні,test group,,20.0,30000.0,5.0,37.0,0,1,0,0,1,0,0,1,1,0,0,0,0,1,0,0,0,1,0,0,1,0,0,1,1,0,1,0,0
185,2025/09/11 8:37:55 PM GMT+3,Чоловіча,Тимчасово не працюю,"Позитивно, туристи це завжди добре для міста","Позитивно, туристи це завжди добре для міста",середній (B1),вище середнього (B2),Так,Так,Так,test group,"Негативно, вони залишають багато сміття і вони люди іншої культури, яка для нас чужа",15.0,5000.0,5.0,18.0,1,0,1,1,1,0,1,0,1,0,1,0,0,1,1,1,1,1,0,1,1,1,1,1,1,1,1,1,1
